region,port_complex_group,port_complex,year,category,comm_name_orig,comm_name,sci_name,landings_n
Northern,Fort Bragg,Fort Bragg-Eureka-Crescent City,2017,Other species,"Bass, barred sand",Barred sand bass,Paralabrax nebulifer,0
Northern,Fort Bragg,Fort Bragg-Eureka-Crescent City,2017,Other species,"Sheephead, California",California sheephead,Semicossyphus pulcher,0
Northern,Fort Bragg,Fort Bragg-Eureka-Crescent City,2017,Other species,"Fishes, unspecified",Fish,Osteichthyes spp.,0
Northern,Fort Bragg,Fort Bragg-Eureka-Crescent City,2017,Other species,"Bass, kelp (calico)",Kelp bass,Paralabrax clathratus,0
Northern,Fort Bragg,Fort Bragg-Eureka-Crescent City,2017,Other species,"Whitefish, ocean",Ocean whitefish,Caulolatilus princeps,0
Northern,Fort Bragg,Fort Bragg-Eureka-Crescent City,2017,Other species,"Bass, striped",Striped bass,Morone saxatilis,0
Northern,Fort Bragg,Fort Bragg-Eureka-Crescent City,2017,Other species,"Croaker, white",White croaker (kingfish),Genyonemus lineatus,0
Northern,Fort Bragg,Fort Bragg-Eureka-Crescent City,2017,Other species,"Seabass, white",White seabass,Atractoscion nobilis,0
Northern,Fort Bragg,Fort Bragg-Eureka-Crescent City,2017,Rockfish,"Rockfish, blue",Blue rockfish,Sebastes mystinus,12004
Northern,Fort Bragg,Fort Bragg-Eureka-Crescent City,2017,Rockfish,"Scorpionfish, California",California scorpionfish,Scorpaena guttata,0
Northern,Fort Bragg,Fort Bragg-Eureka-Crescent City,2017,Rockfish,"Rockfish, canary",Canary rockfish,Sebastes pinniger,3452
Northern,Fort Bragg,Fort Bragg-Eureka-Crescent City,2017,Rockfish,"Rockfish, copper",Copper rockfish,Sebastes caurinus,2663
Northern,Fort Bragg,Fort Bragg-Eureka-Crescent City,2017,Rockfish,"Rockfish, gopher",Gopher rockfish,Sebastes carnatus,486
Northern,Fort Bragg,Fort Bragg-Eureka-Crescent City,2017,Rockfish,"Rockfishes, unspecified",Rockfish,Sebastes spp.,19336
Northern,Fort Bragg,Fort Bragg-Eureka-Crescent City,2017,Roundfish,Cabezon,Cabezon,Scorpaenichthys marmoratus,623
Northern,Fort Bragg,Fort Bragg-Eureka-Crescent City,2017,Roundfish,"Greenling, kelp",Kelp greenling,Hexagrammos decagrammus,673
Northern,Fort Bragg,Fort Bragg-Eureka-Crescent City,2017,Roundfish,Lingcod,Lingcod,Ophiodon elongatus,6509
Northern,Bodega Bay,Princeton-Bodega Bay,2017,Other species,"Bass, barred sand",Barred sand bass,Paralabrax nebulifer,0
Northern,Bodega Bay,Princeton-Bodega Bay,2017,Other species,"Sheephead, California",California sheephead,Semicossyphus pulcher,0
Northern,Bodega Bay,Princeton-Bodega Bay,2017,Other species,"Fishes, unspecified",Fish,Osteichthyes spp.,15
Northern,Bodega Bay,Princeton-Bodega Bay,2017,Other species,"Bass, kelp (calico)",Kelp bass,Paralabrax clathratus,0
Northern,Bodega Bay,Princeton-Bodega Bay,2017,Other species,"Whitefish, ocean",Ocean whitefish,Caulolatilus princeps,2
Northern,Bodega Bay,Princeton-Bodega Bay,2017,Other species,"Bass, striped",Striped bass,Morone saxatilis,503
Northern,Bodega Bay,Princeton-Bodega Bay,2017,Other species,"Croaker, white",White croaker (kingfish),Genyonemus lineatus,89
Northern,Bodega Bay,Princeton-Bodega Bay,2017,Other species,"Seabass, white",White seabass,Atractoscion nobilis,0
Northern,Bodega Bay,Princeton-Bodega Bay,2017,Rockfish,"Rockfish, blue",Blue rockfish,Sebastes mystinus,35044
Northern,Bodega Bay,Princeton-Bodega Bay,2017,Rockfish,"Scorpionfish, California",California scorpionfish,Scorpaena guttata,0
Northern,Bodega Bay,Princeton-Bodega Bay,2017,Rockfish,"Rockfish, canary",Canary rockfish,Sebastes pinniger,9741
Northern,Bodega Bay,Princeton-Bodega Bay,2017,Rockfish,"Rockfish, copper",Copper rockfish,Sebastes caurinus,10495
Northern,Bodega Bay,Princeton-Bodega Bay,2017,Rockfish,"Rockfish, gopher",Gopher rockfish,Sebastes carnatus,2937
Northern,Bodega Bay,Princeton-Bodega Bay,2017,Rockfish,"Rockfishes, unspecified",Rockfish,Sebastes spp.,64584
Northern,Bodega Bay,Princeton-Bodega Bay,2017,Roundfish,Cabezon,Cabezon,Scorpaenichthys marmoratus,358
Northern,Bodega Bay,Princeton-Bodega Bay,2017,Roundfish,"Greenling, kelp",Kelp greenling,Hexagrammos decagrammus,722
Northern,Bodega Bay,Princeton-Bodega Bay,2017,Roundfish,Lingcod,Lingcod,Ophiodon elongatus,8600
Northern,San Francisco,San Francisco-SF Bay-Delta,2017,Other species,"Bass, barred sand",Barred sand bass,Paralabrax nebulifer,0
Northern,San Francisco,San Francisco-SF Bay-Delta,2017,Other species,"Sheephead, California",California sheephead,Semicossyphus pulcher,0
Northern,San Francisco,San Francisco-SF Bay-Delta,2017,Other species,"Fishes, unspecified",Fish,Osteichthyes spp.,93
Northern,San Francisco,San Francisco-SF Bay-Delta,2017,Other species,"Bass, kelp (calico)",Kelp bass,Paralabrax clathratus,0
Northern,San Francisco,San Francisco-SF Bay-Delta,2017,Other species,"Whitefish, ocean",Ocean whitefish,Caulolatilus princeps,1
Northern,San Francisco,San Francisco-SF Bay-Delta,2017,Other species,"Bass, striped",Striped bass,Morone saxatilis,7889
Northern,San Francisco,San Francisco-SF Bay-Delta,2017,Other species,"Croaker, white",White croaker (kingfish),Genyonemus lineatus,18
Northern,San Francisco,San Francisco-SF Bay-Delta,2017,Other species,"Seabass, white",White seabass,Atractoscion nobilis,21
Northern,San Francisco,San Francisco-SF Bay-Delta,2017,Rockfish,"Rockfish, blue",Blue rockfish,Sebastes mystinus,19669
Northern,San Francisco,San Francisco-SF Bay-Delta,2017,Rockfish,"Scorpionfish, California",California scorpionfish,Scorpaena guttata,0
Northern,San Francisco,San Francisco-SF Bay-Delta,2017,Rockfish,"Rockfish, canary",Canary rockfish,Sebastes pinniger,7491
Northern,San Francisco,San Francisco-SF Bay-Delta,2017,Rockfish,"Rockfish, copper",Copper rockfish,Sebastes caurinus,3574
Northern,San Francisco,San Francisco-SF Bay-Delta,2017,Rockfish,"Rockfish, gopher",Gopher rockfish,Sebastes carnatus,274
Northern,San Francisco,San Francisco-SF Bay-Delta,2017,Rockfish,"Rockfishes, unspecified",Rockfish,Sebastes spp.,63995
Northern,San Francisco,San Francisco-SF Bay-Delta,2017,Roundfish,Cabezon,Cabezon,Scorpaenichthys marmoratus,47
Northern,San Francisco,San Francisco-SF Bay-Delta,2017,Roundfish,"Greenling, kelp",Kelp greenling,Hexagrammos decagrammus,178
Northern,San Francisco,San Francisco-SF Bay-Delta,2017,Roundfish,Lingcod,Lingcod,Ophiodon elongatus,8073
Northern,Monterey,Monterey-Moss Landing-Santa Cruz,2017,Other species,"Bass, barred sand",Barred sand bass,Paralabrax nebulifer,0
Northern,Monterey,Monterey-Moss Landing-Santa Cruz,2017,Other species,"Sheephead, California",California sheephead,Semicossyphus pulcher,1
Northern,Monterey,Monterey-Moss Landing-Santa Cruz,2017,Other species,"Fishes, unspecified",Fish,Osteichthyes spp.,36
Northern,Monterey,Monterey-Moss Landing-Santa Cruz,2017,Other species,"Bass, kelp (calico)",Kelp bass,Paralabrax clathratus,0
Northern,Monterey,Monterey-Moss Landing-Santa Cruz,2017,Other species,"Whitefish, ocean",Ocean whitefish,Caulolatilus princeps,2
Northern,Monterey,Monterey-Moss Landing-Santa Cruz,2017,Other species,"Bass, striped",Striped bass,Morone saxatilis,0
Northern,Monterey,Monterey-Moss Landing-Santa Cruz,2017,Other species,"Croaker, white",White croaker (kingfish),Genyonemus lineatus,12
Northern,Monterey,Monterey-Moss Landing-Santa Cruz,2017,Other species,"Seabass, white",White seabass,Atractoscion nobilis,0
Northern,Monterey,Monterey-Moss Landing-Santa Cruz,2017,Rockfish,"Rockfish, blue",Blue rockfish,Sebastes mystinus,46808
Northern,Monterey,Monterey-Moss Landing-Santa Cruz,2017,Rockfish,"Scorpionfish, California",California scorpionfish,Scorpaena guttata,0
Northern,Monterey,Monterey-Moss Landing-Santa Cruz,2017,Rockfish,"Rockfish, canary",Canary rockfish,Sebastes pinniger,9754
Northern,Monterey,Monterey-Moss Landing-Santa Cruz,2017,Rockfish,"Rockfish, copper",Copper rockfish,Sebastes caurinus,10140
Northern,Monterey,Monterey-Moss Landing-Santa Cruz,2017,Rockfish,"Rockfish, gopher",Gopher rockfish,Sebastes carnatus,7683
Northern,Monterey,Monterey-Moss Landing-Santa Cruz,2017,Rockfish,"Rockfishes, unspecified",Rockfish,Sebastes spp.,74609
Northern,Monterey,Monterey-Moss Landing-Santa Cruz,2017,Roundfish,Cabezon,Cabezon,Scorpaenichthys marmoratus,395
Northern,Monterey,Monterey-Moss Landing-Santa Cruz,2017,Roundfish,"Greenling, kelp",Kelp greenling,Hexagrammos decagrammus,591
Northern,Monterey,Monterey-Moss Landing-Santa Cruz,2017,Roundfish,Lingcod,Lingcod,Ophiodon elongatus,15673
Northern,Morro Bay,Avila Beach-Morro Bay,2017,Other species,"Bass, barred sand",Barred sand bass,Paralabrax nebulifer,0
Northern,Morro Bay,Avila Beach-Morro Bay,2017,Other species,"Sheephead, California",California sheephead,Semicossyphus pulcher,19
Northern,Morro Bay,Avila Beach-Morro Bay,2017,Other species,"Fishes, unspecified",Fish,Osteichthyes spp.,7
Northern,Morro Bay,Avila Beach-Morro Bay,2017,Other species,"Bass, kelp (calico)",Kelp bass,Paralabrax clathratus,0
Northern,Morro Bay,Avila Beach-Morro Bay,2017,Other species,"Whitefish, ocean",Ocean whitefish,Caulolatilus princeps,17
Northern,Morro Bay,Avila Beach-Morro Bay,2017,Other species,"Bass, striped",Striped bass,Morone saxatilis,0
Northern,Morro Bay,Avila Beach-Morro Bay,2017,Other species,"Croaker, white",White croaker (kingfish),Genyonemus lineatus,1
Northern,Morro Bay,Avila Beach-Morro Bay,2017,Other species,"Seabass, white",White seabass,Atractoscion nobilis,0
Northern,Morro Bay,Avila Beach-Morro Bay,2017,Rockfish,"Rockfish, blue",Blue rockfish,Sebastes mystinus,74750
Northern,Morro Bay,Avila Beach-Morro Bay,2017,Rockfish,"Scorpionfish, California",California scorpionfish,Scorpaena guttata,0
Northern,Morro Bay,Avila Beach-Morro Bay,2017,Rockfish,"Rockfish, canary",Canary rockfish,Sebastes pinniger,6991
Northern,Morro Bay,Avila Beach-Morro Bay,2017,Rockfish,"Rockfish, copper",Copper rockfish,Sebastes caurinus,20715
Northern,Morro Bay,Avila Beach-Morro Bay,2017,Rockfish,"Rockfish, gopher",Gopher rockfish,Sebastes carnatus,12879
Northern,Morro Bay,Avila Beach-Morro Bay,2017,Rockfish,"Rockfishes, unspecified",Rockfish,Sebastes spp.,123713
Northern,Morro Bay,Avila Beach-Morro Bay,2017,Roundfish,Cabezon,Cabezon,Scorpaenichthys marmoratus,228
Northern,Morro Bay,Avila Beach-Morro Bay,2017,Roundfish,"Greenling, kelp",Kelp greenling,Hexagrammos decagrammus,8
Northern,Morro Bay,Avila Beach-Morro Bay,2017,Roundfish,Lingcod,Lingcod,Ophiodon elongatus,11958
Southern,Santa Barbara,Port Hueneme-Oxnard-Ventura-Santa Barbara,2017,Other species,"Bass, barred sand",Barred sand bass,Paralabrax nebulifer,485
Southern,Santa Barbara,Port Hueneme-Oxnard-Ventura-Santa Barbara,2017,Other species,"Sheephead, California",California sheephead,Semicossyphus pulcher,7326
Southern,Santa Barbara,Port Hueneme-Oxnard-Ventura-Santa Barbara,2017,Other species,"Fishes, unspecified",Fish,Osteichthyes spp.,1932
Southern,Santa Barbara,Port Hueneme-Oxnard-Ventura-Santa Barbara,2017,Other species,"Bass, kelp (calico)",Kelp bass,Paralabrax clathratus,11528
Southern,Santa Barbara,Port Hueneme-Oxnard-Ventura-Santa Barbara,2017,Other species,"Whitefish, ocean",Ocean whitefish,Caulolatilus princeps,106249
Southern,Santa Barbara,Port Hueneme-Oxnard-Ventura-Santa Barbara,2017,Other species,"Bass, striped",Striped bass,Morone saxatilis,0
Southern,Santa Barbara,Port Hueneme-Oxnard-Ventura-Santa Barbara,2017,Other species,"Croaker, white",White croaker (kingfish),Genyonemus lineatus,8
Southern,Santa Barbara,Port Hueneme-Oxnard-Ventura-Santa Barbara,2017,Other species,"Seabass, white",White seabass,Atractoscion nobilis,2351
Southern,Santa Barbara,Port Hueneme-Oxnard-Ventura-Santa Barbara,2017,Rockfish,"Rockfish, blue",Blue rockfish,Sebastes mystinus,34394
Southern,Santa Barbara,Port Hueneme-Oxnard-Ventura-Santa Barbara,2017,Rockfish,"Scorpionfish, California",California scorpionfish,Scorpaena guttata,2192
Southern,Santa Barbara,Port Hueneme-Oxnard-Ventura-Santa Barbara,2017,Rockfish,"Rockfish, canary",Canary rockfish,Sebastes pinniger,409
Southern,Santa Barbara,Port Hueneme-Oxnard-Ventura-Santa Barbara,2017,Rockfish,"Rockfish, copper",Copper rockfish,Sebastes caurinus,64247
Southern,Santa Barbara,Port Hueneme-Oxnard-Ventura-Santa Barbara,2017,Rockfish,"Rockfish, gopher",Gopher rockfish,Sebastes carnatus,1934
Southern,Santa Barbara,Port Hueneme-Oxnard-Ventura-Santa Barbara,2017,Rockfish,"Rockfishes, unspecified",Rockfish,Sebastes spp.,321846
Southern,Santa Barbara,Port Hueneme-Oxnard-Ventura-Santa Barbara,2017,Roundfish,Cabezon,Cabezon,Scorpaenichthys marmoratus,281
Southern,Santa Barbara,Port Hueneme-Oxnard-Ventura-Santa Barbara,2017,Roundfish,"Greenling, kelp",Kelp greenling,Hexagrammos decagrammus,32
Southern,Santa Barbara,Port Hueneme-Oxnard-Ventura-Santa Barbara,2017,Roundfish,Lingcod,Lingcod,Ophiodon elongatus,25875
Southern,Los Angeles,Newport Beach,2017,Other species,"Bass, barred sand",Barred sand bass,Paralabrax nebulifer,5759
Southern,Los Angeles,Newport Beach,2017,Other species,"Sheephead, California",California sheephead,Semicossyphus pulcher,1798
Southern,Los Angeles,Newport Beach,2017,Other species,"Fishes, unspecified",Fish,Osteichthyes spp.,7912
Southern,Los Angeles,Newport Beach,2017,Other species,"Bass, kelp (calico)",Kelp bass,Paralabrax clathratus,7944
Southern,Los Angeles,Newport Beach,2017,Other species,"Whitefish, ocean",Ocean whitefish,Caulolatilus princeps,19000
Southern,Los Angeles,Newport Beach,2017,Other species,"Bass, striped",Striped bass,Morone saxatilis,0
Southern,Los Angeles,Newport Beach,2017,Other species,"Croaker, white",White croaker (kingfish),Genyonemus lineatus,0
Southern,Los Angeles,Newport Beach,2017,Other species,"Seabass, white",White seabass,Atractoscion nobilis,79
Southern,Los Angeles,Newport Beach,2017,Rockfish,"Rockfish, blue",Blue rockfish,Sebastes mystinus,51
Southern,Los Angeles,Newport Beach,2017,Rockfish,"Scorpionfish, California",California scorpionfish,Scorpaena guttata,19813
Southern,Los Angeles,Newport Beach,2017,Rockfish,"Rockfish, canary",Canary rockfish,Sebastes pinniger,0
Southern,Los Angeles,Newport Beach,2017,Rockfish,"Rockfish, copper",Copper rockfish,Sebastes caurinus,636
Southern,Los Angeles,Newport Beach,2017,Rockfish,"Rockfish, gopher",Gopher rockfish,Sebastes carnatus,7
Southern,Los Angeles,Newport Beach,2017,Rockfish,"Rockfishes, unspecified",Rockfish,Sebastes spp.,34677
Southern,Los Angeles,Newport Beach,2017,Roundfish,Cabezon,Cabezon,Scorpaenichthys marmoratus,12
Southern,Los Angeles,Newport Beach,2017,Roundfish,"Greenling, kelp",Kelp greenling,Hexagrammos decagrammus,15
Southern,Los Angeles,Newport Beach,2017,Roundfish,Lingcod,Lingcod,Ophiodon elongatus,187
Southern,Los Angeles,Oceanside-Dana Harbor,2017,Other species,"Bass, barred sand",Barred sand bass,Paralabrax nebulifer,2867
Southern,Los Angeles,Oceanside-Dana Harbor,2017,Other species,"Sheephead, California",California sheephead,Semicossyphus pulcher,2363
Southern,Los Angeles,Oceanside-Dana Harbor,2017,Other species,"Fishes, unspecified",Fish,Osteichthyes spp.,1994
Southern,Los Angeles,Oceanside-Dana Harbor,2017,Other species,"Bass, kelp (calico)",Kelp bass,Paralabrax clathratus,13756
Southern,Los Angeles,Oceanside-Dana Harbor,2017,Other species,"Whitefish, ocean",Ocean whitefish,Caulolatilus princeps,6698
Southern,Los Angeles,Oceanside-Dana Harbor,2017,Other species,"Bass, striped",Striped bass,Morone saxatilis,0
Southern,Los Angeles,Oceanside-Dana Harbor,2017,Other species,"Croaker, white",White croaker (kingfish),Genyonemus lineatus,1
Southern,Los Angeles,Oceanside-Dana Harbor,2017,Other species,"Seabass, white",White seabass,Atractoscion nobilis,21
Southern,Los Angeles,Oceanside-Dana Harbor,2017,Rockfish,"Rockfish, blue",Blue rockfish,Sebastes mystinus,6
Southern,Los Angeles,Oceanside-Dana Harbor,2017,Rockfish,"Scorpionfish, California",California scorpionfish,Scorpaena guttata,9788
Southern,Los Angeles,Oceanside-Dana Harbor,2017,Rockfish,"Rockfish, canary",Canary rockfish,Sebastes pinniger,1
Southern,Los Angeles,Oceanside-Dana Harbor,2017,Rockfish,"Rockfish, copper",Copper rockfish,Sebastes caurinus,440
Southern,Los Angeles,Oceanside-Dana Harbor,2017,Rockfish,"Rockfish, gopher",Gopher rockfish,Sebastes carnatus,11
Southern,Los Angeles,Oceanside-Dana Harbor,2017,Rockfish,"Rockfishes, unspecified",Rockfish,Sebastes spp.,32687
Southern,Los Angeles,Oceanside-Dana Harbor,2017,Roundfish,Cabezon,Cabezon,Scorpaenichthys marmoratus,3
Southern,Los Angeles,Oceanside-Dana Harbor,2017,Roundfish,"Greenling, kelp",Kelp greenling,Hexagrammos decagrammus,17
Southern,Los Angeles,Oceanside-Dana Harbor,2017,Roundfish,Lingcod,Lingcod,Ophiodon elongatus,144
Southern,Los Angeles,Redondo-Marina del Rey-Malibu,2017,Other species,"Bass, barred sand",Barred sand bass,Paralabrax nebulifer,3114
Southern,Los Angeles,Redondo-Marina del Rey-Malibu,2017,Other species,"Sheephead, California",California sheephead,Semicossyphus pulcher,721
Southern,Los Angeles,Redondo-Marina del Rey-Malibu,2017,Other species,"Fishes, unspecified",Fish,Osteichthyes spp.,1173
Southern,Los Angeles,Redondo-Marina del Rey-Malibu,2017,Other species,"Bass, kelp (calico)",Kelp bass,Paralabrax clathratus,4543
Southern,Los Angeles,Redondo-Marina del Rey-Malibu,2017,Other species,"Whitefish, ocean",Ocean whitefish,Caulolatilus princeps,12816
Southern,Los Angeles,Redondo-Marina del Rey-Malibu,2017,Other species,"Bass, striped",Striped bass,Morone saxatilis,0
Southern,Los Angeles,Redondo-Marina del Rey-Malibu,2017,Other species,"Croaker, white",White croaker (kingfish),Genyonemus lineatus,1
Southern,Los Angeles,Redondo-Marina del Rey-Malibu,2017,Other species,"Seabass, white",White seabass,Atractoscion nobilis,9
Southern,Los Angeles,Redondo-Marina del Rey-Malibu,2017,Rockfish,"Rockfish, blue",Blue rockfish,Sebastes mystinus,968
Southern,Los Angeles,Redondo-Marina del Rey-Malibu,2017,Rockfish,"Scorpionfish, California",California scorpionfish,Scorpaena guttata,13895
Southern,Los Angeles,Redondo-Marina del Rey-Malibu,2017,Rockfish,"Rockfish, canary",Canary rockfish,Sebastes pinniger,25
Southern,Los Angeles,Redondo-Marina del Rey-Malibu,2017,Rockfish,"Rockfish, copper",Copper rockfish,Sebastes caurinus,536
Southern,Los Angeles,Redondo-Marina del Rey-Malibu,2017,Rockfish,"Rockfish, gopher",Gopher rockfish,Sebastes carnatus,8
Southern,Los Angeles,Redondo-Marina del Rey-Malibu,2017,Rockfish,"Rockfishes, unspecified",Rockfish,Sebastes spp.,151479
Southern,Los Angeles,Redondo-Marina del Rey-Malibu,2017,Roundfish,Cabezon,Cabezon,Scorpaenichthys marmoratus,1
Southern,Los Angeles,Redondo-Marina del Rey-Malibu,2017,Roundfish,"Greenling, kelp",Kelp greenling,Hexagrammos decagrammus,5
Southern,Los Angeles,Redondo-Marina del Rey-Malibu,2017,Roundfish,Lingcod,Lingcod,Ophiodon elongatus,624
Southern,Los Angeles,Seal Beach-Long Beach-San Pedro,2017,Other species,"Bass, barred sand",Barred sand bass,Paralabrax nebulifer,7736
Southern,Los Angeles,Seal Beach-Long Beach-San Pedro,2017,Other species,"Sheephead, California",California sheephead,Semicossyphus pulcher,11772
Southern,Los Angeles,Seal Beach-Long Beach-San Pedro,2017,Other species,"Fishes, unspecified",Fish,Osteichthyes spp.,12244
Southern,Los Angeles,Seal Beach-Long Beach-San Pedro,2017,Other species,"Bass, kelp (calico)",Kelp bass,Paralabrax clathratus,23440
Southern,Los Angeles,Seal Beach-Long Beach-San Pedro,2017,Other species,"Whitefish, ocean",Ocean whitefish,Caulolatilus princeps,85193
Southern,Los Angeles,Seal Beach-Long Beach-San Pedro,2017,Other species,"Bass, striped",Striped bass,Morone saxatilis,0
Southern,Los Angeles,Seal Beach-Long Beach-San Pedro,2017,Other species,"Croaker, white",White croaker (kingfish),Genyonemus lineatus,91
Southern,Los Angeles,Seal Beach-Long Beach-San Pedro,2017,Other species,"Seabass, white",White seabass,Atractoscion nobilis,709
Southern,Los Angeles,Seal Beach-Long Beach-San Pedro,2017,Rockfish,"Rockfish, blue",Blue rockfish,Sebastes mystinus,581
Southern,Los Angeles,Seal Beach-Long Beach-San Pedro,2017,Rockfish,"Scorpionfish, California",California scorpionfish,Scorpaena guttata,44533
Southern,Los Angeles,Seal Beach-Long Beach-San Pedro,2017,Rockfish,"Rockfish, canary",Canary rockfish,Sebastes pinniger,65
Southern,Los Angeles,Seal Beach-Long Beach-San Pedro,2017,Rockfish,"Rockfish, copper",Copper rockfish,Sebastes caurinus,4822
Southern,Los Angeles,Seal Beach-Long Beach-San Pedro,2017,Rockfish,"Rockfish, gopher",Gopher rockfish,Sebastes carnatus,119
Southern,Los Angeles,Seal Beach-Long Beach-San Pedro,2017,Rockfish,"Rockfishes, unspecified",Rockfish,Sebastes spp.,148045
Southern,Los Angeles,Seal Beach-Long Beach-San Pedro,2017,Roundfish,Cabezon,Cabezon,Scorpaenichthys marmoratus,123
Southern,Los Angeles,Seal Beach-Long Beach-San Pedro,2017,Roundfish,"Greenling, kelp",Kelp greenling,Hexagrammos decagrammus,0
Southern,Los Angeles,Seal Beach-Long Beach-San Pedro,2017,Roundfish,Lingcod,Lingcod,Ophiodon elongatus,3861
Southern,San Diego,San Diego-Mission Bay,2017,Other species,"Bass, barred sand",Barred sand bass,Paralabrax nebulifer,2159
Southern,San Diego,San Diego-Mission Bay,2017,Other species,"Sheephead, California",California sheephead,Semicossyphus pulcher,1718
Southern,San Diego,San Diego-Mission Bay,2017,Other species,"Fishes, unspecified",Fish,Osteichthyes spp.,6216
Southern,San Diego,San Diego-Mission Bay,2017,Other species,"Bass, kelp (calico)",Kelp bass,Paralabrax clathratus,16412
Southern,San Diego,San Diego-Mission Bay,2017,Other species,"Whitefish, ocean",Ocean whitefish,Caulolatilus princeps,3917
Southern,San Diego,San Diego-Mission Bay,2017,Other species,"Bass, striped",Striped bass,Morone saxatilis,0
Southern,San Diego,San Diego-Mission Bay,2017,Other species,"Croaker, white",White croaker (kingfish),Genyonemus lineatus,0
Southern,San Diego,San Diego-Mission Bay,2017,Other species,"Seabass, white",White seabass,Atractoscion nobilis,226
Southern,San Diego,San Diego-Mission Bay,2017,Rockfish,"Rockfish, blue",Blue rockfish,Sebastes mystinus,134
Southern,San Diego,San Diego-Mission Bay,2017,Rockfish,"Scorpionfish, California",California scorpionfish,Scorpaena guttata,3924
Southern,San Diego,San Diego-Mission Bay,2017,Rockfish,"Rockfish, canary",Canary rockfish,Sebastes pinniger,10
Southern,San Diego,San Diego-Mission Bay,2017,Rockfish,"Rockfish, copper",Copper rockfish,Sebastes caurinus,376
Southern,San Diego,San Diego-Mission Bay,2017,Rockfish,"Rockfish, gopher",Gopher rockfish,Sebastes carnatus,564
Southern,San Diego,San Diego-Mission Bay,2017,Rockfish,"Rockfishes, unspecified",Rockfish,Sebastes spp.,58707
Southern,San Diego,San Diego-Mission Bay,2017,Roundfish,Cabezon,Cabezon,Scorpaenichthys marmoratus,21
Southern,San Diego,San Diego-Mission Bay,2017,Roundfish,"Greenling, kelp",Kelp greenling,Hexagrammos decagrammus,19
Southern,San Diego,San Diego-Mission Bay,2017,Roundfish,Lingcod,Lingcod,Ophiodon elongatus,1274
Northern,Fort Bragg,Fort Bragg-Eureka-Crescent City,2018,Other species,"Bass, barred sand",Barred sand bass,Paralabrax nebulifer,0
Northern,Fort Bragg,Fort Bragg-Eureka-Crescent City,2018,Other species,"Sheephead, California",California sheephead,Semicossyphus pulcher,0
Northern,Fort Bragg,Fort Bragg-Eureka-Crescent City,2018,Other species,"Fishes, unspecified",Fish,Osteichthyes spp.,39
Northern,Fort Bragg,Fort Bragg-Eureka-Crescent City,2018,Other species,"Bass, kelp (calico)",Kelp bass,Paralabrax clathratus,0
Northern,Fort Bragg,Fort Bragg-Eureka-Crescent City,2018,Other species,"Whitefish, ocean",Ocean whitefish,Caulolatilus princeps,0
Northern,Fort Bragg,Fort Bragg-Eureka-Crescent City,2018,Other species,"Bass, striped",Striped bass,Morone saxatilis,0
Northern,Fort Bragg,Fort Bragg-Eureka-Crescent City,2018,Other species,"Croaker, white",White croaker (kingfish),Genyonemus lineatus,0
Northern,Fort Bragg,Fort Bragg-Eureka-Crescent City,2018,Other species,"Seabass, white",White seabass,Atractoscion nobilis,0
Northern,Fort Bragg,Fort Bragg-Eureka-Crescent City,2018,Rockfish,"Rockfish, blue",Blue rockfish,Sebastes mystinus,18634
Northern,Fort Bragg,Fort Bragg-Eureka-Crescent City,2018,Rockfish,"Scorpionfish, California",California scorpionfish,Scorpaena guttata,0
Northern,Fort Bragg,Fort Bragg-Eureka-Crescent City,2018,Rockfish,"Rockfish, canary",Canary rockfish,Sebastes pinniger,7460
Northern,Fort Bragg,Fort Bragg-Eureka-Crescent City,2018,Rockfish,"Rockfish, copper",Copper rockfish,Sebastes caurinus,3441
Northern,Fort Bragg,Fort Bragg-Eureka-Crescent City,2018,Rockfish,"Rockfish, gopher",Gopher rockfish,Sebastes carnatus,1070
Northern,Fort Bragg,Fort Bragg-Eureka-Crescent City,2018,Rockfish,"Rockfishes, unspecified",Rockfish,Sebastes spp.,25183
Northern,Fort Bragg,Fort Bragg-Eureka-Crescent City,2018,Roundfish,Cabezon,Cabezon,Scorpaenichthys marmoratus,1466
Northern,Fort Bragg,Fort Bragg-Eureka-Crescent City,2018,Roundfish,"Greenling, kelp",Kelp greenling,Hexagrammos decagrammus,1247
Northern,Fort Bragg,Fort Bragg-Eureka-Crescent City,2018,Roundfish,Lingcod,Lingcod,Ophiodon elongatus,8259
Northern,Bodega Bay,Princeton-Bodega Bay,2018,Other species,"Bass, barred sand",Barred sand bass,Paralabrax nebulifer,0
Northern,Bodega Bay,Princeton-Bodega Bay,2018,Other species,"Sheephead, California",California sheephead,Semicossyphus pulcher,0
Northern,Bodega Bay,Princeton-Bodega Bay,2018,Other species,"Fishes, unspecified",Fish,Osteichthyes spp.,530
Northern,Bodega Bay,Princeton-Bodega Bay,2018,Other species,"Bass, kelp (calico)",Kelp bass,Paralabrax clathratus,0
Northern,Bodega Bay,Princeton-Bodega Bay,2018,Other species,"Whitefish, ocean",Ocean whitefish,Caulolatilus princeps,0
Northern,Bodega Bay,Princeton-Bodega Bay,2018,Other species,"Bass, striped",Striped bass,Morone saxatilis,1938
Northern,Bodega Bay,Princeton-Bodega Bay,2018,Other species,"Croaker, white",White croaker (kingfish),Genyonemus lineatus,209
Northern,Bodega Bay,Princeton-Bodega Bay,2018,Other species,"Seabass, white",White seabass,Atractoscion nobilis,10
Northern,Bodega Bay,Princeton-Bodega Bay,2018,Rockfish,"Rockfish, blue",Blue rockfish,Sebastes mystinus,36118
Northern,Bodega Bay,Princeton-Bodega Bay,2018,Rockfish,"Scorpionfish, California",California scorpionfish,Scorpaena guttata,0
Northern,Bodega Bay,Princeton-Bodega Bay,2018,Rockfish,"Rockfish, canary",Canary rockfish,Sebastes pinniger,14043
Northern,Bodega Bay,Princeton-Bodega Bay,2018,Rockfish,"Rockfish, copper",Copper rockfish,Sebastes caurinus,5786
Northern,Bodega Bay,Princeton-Bodega Bay,2018,Rockfish,"Rockfish, gopher",Gopher rockfish,Sebastes carnatus,4259
Northern,Bodega Bay,Princeton-Bodega Bay,2018,Rockfish,"Rockfishes, unspecified",Rockfish,Sebastes spp.,69350
Northern,Bodega Bay,Princeton-Bodega Bay,2018,Roundfish,Cabezon,Cabezon,Scorpaenichthys marmoratus,352
Northern,Bodega Bay,Princeton-Bodega Bay,2018,Roundfish,"Greenling, kelp",Kelp greenling,Hexagrammos decagrammus,798
Northern,Bodega Bay,Princeton-Bodega Bay,2018,Roundfish,Lingcod,Lingcod,Ophiodon elongatus,7000
Northern,San Francisco,San Francisco-SF Bay-Delta,2018,Other species,"Bass, barred sand",Barred sand bass,Paralabrax nebulifer,0
Northern,San Francisco,San Francisco-SF Bay-Delta,2018,Other species,"Sheephead, California",California sheephead,Semicossyphus pulcher,0
Northern,San Francisco,San Francisco-SF Bay-Delta,2018,Other species,"Fishes, unspecified",Fish,Osteichthyes spp.,462
Northern,San Francisco,San Francisco-SF Bay-Delta,2018,Other species,"Bass, kelp (calico)",Kelp bass,Paralabrax clathratus,0
Northern,San Francisco,San Francisco-SF Bay-Delta,2018,Other species,"Whitefish, ocean",Ocean whitefish,Caulolatilus princeps,1
Northern,San Francisco,San Francisco-SF Bay-Delta,2018,Other species,"Bass, striped",Striped bass,Morone saxatilis,13013
Northern,San Francisco,San Francisco-SF Bay-Delta,2018,Other species,"Croaker, white",White croaker (kingfish),Genyonemus lineatus,34
Northern,San Francisco,San Francisco-SF Bay-Delta,2018,Other species,"Seabass, white",White seabass,Atractoscion nobilis,169
Northern,San Francisco,San Francisco-SF Bay-Delta,2018,Rockfish,"Rockfish, blue",Blue rockfish,Sebastes mystinus,45418
Northern,San Francisco,San Francisco-SF Bay-Delta,2018,Rockfish,"Scorpionfish, California",California scorpionfish,Scorpaena guttata,0
Northern,San Francisco,San Francisco-SF Bay-Delta,2018,Rockfish,"Rockfish, canary",Canary rockfish,Sebastes pinniger,11016
Northern,San Francisco,San Francisco-SF Bay-Delta,2018,Rockfish,"Rockfish, copper",Copper rockfish,Sebastes caurinus,4123
Northern,San Francisco,San Francisco-SF Bay-Delta,2018,Rockfish,"Rockfish, gopher",Gopher rockfish,Sebastes carnatus,1135
Northern,San Francisco,San Francisco-SF Bay-Delta,2018,Rockfish,"Rockfishes, unspecified",Rockfish,Sebastes spp.,85031
Northern,San Francisco,San Francisco-SF Bay-Delta,2018,Roundfish,Cabezon,Cabezon,Scorpaenichthys marmoratus,59
Northern,San Francisco,San Francisco-SF Bay-Delta,2018,Roundfish,"Greenling, kelp",Kelp greenling,Hexagrammos decagrammus,333
Northern,San Francisco,San Francisco-SF Bay-Delta,2018,Roundfish,Lingcod,Lingcod,Ophiodon elongatus,11698
Northern,Monterey,Monterey-Moss Landing-Santa Cruz,2018,Other species,"Bass, barred sand",Barred sand bass,Paralabrax nebulifer,0
Northern,Monterey,Monterey-Moss Landing-Santa Cruz,2018,Other species,"Sheephead, California",California sheephead,Semicossyphus pulcher,0
Northern,Monterey,Monterey-Moss Landing-Santa Cruz,2018,Other species,"Fishes, unspecified",Fish,Osteichthyes spp.,165
Northern,Monterey,Monterey-Moss Landing-Santa Cruz,2018,Other species,"Bass, kelp (calico)",Kelp bass,Paralabrax clathratus,0
Northern,Monterey,Monterey-Moss Landing-Santa Cruz,2018,Other species,"Whitefish, ocean",Ocean whitefish,Caulolatilus princeps,9
Northern,Monterey,Monterey-Moss Landing-Santa Cruz,2018,Other species,"Bass, striped",Striped bass,Morone saxatilis,0
Northern,Monterey,Monterey-Moss Landing-Santa Cruz,2018,Other species,"Croaker, white",White croaker (kingfish),Genyonemus lineatus,2
Northern,Monterey,Monterey-Moss Landing-Santa Cruz,2018,Other species,"Seabass, white",White seabass,Atractoscion nobilis,0
Northern,Monterey,Monterey-Moss Landing-Santa Cruz,2018,Rockfish,"Rockfish, blue",Blue rockfish,Sebastes mystinus,50861
Northern,Monterey,Monterey-Moss Landing-Santa Cruz,2018,Rockfish,"Scorpionfish, California",California scorpionfish,Scorpaena guttata,0
Northern,Monterey,Monterey-Moss Landing-Santa Cruz,2018,Rockfish,"Rockfish, canary",Canary rockfish,Sebastes pinniger,6469
Northern,Monterey,Monterey-Moss Landing-Santa Cruz,2018,Rockfish,"Rockfish, copper",Copper rockfish,Sebastes caurinus,3950
Northern,Monterey,Monterey-Moss Landing-Santa Cruz,2018,Rockfish,"Rockfish, gopher",Gopher rockfish,Sebastes carnatus,6485
Northern,Monterey,Monterey-Moss Landing-Santa Cruz,2018,Rockfish,"Rockfishes, unspecified",Rockfish,Sebastes spp.,67506
Northern,Monterey,Monterey-Moss Landing-Santa Cruz,2018,Roundfish,Cabezon,Cabezon,Scorpaenichthys marmoratus,27
Northern,Monterey,Monterey-Moss Landing-Santa Cruz,2018,Roundfish,"Greenling, kelp",Kelp greenling,Hexagrammos decagrammus,79
Northern,Monterey,Monterey-Moss Landing-Santa Cruz,2018,Roundfish,Lingcod,Lingcod,Ophiodon elongatus,8239
Northern,Morro Bay,Avila Beach-Morro Bay,2018,Other species,"Bass, barred sand",Barred sand bass,Paralabrax nebulifer,0
Northern,Morro Bay,Avila Beach-Morro Bay,2018,Other species,"Sheephead, California",California sheephead,Semicossyphus pulcher,13
Northern,Morro Bay,Avila Beach-Morro Bay,2018,Other species,"Fishes, unspecified",Fish,Osteichthyes spp.,44
Northern,Morro Bay,Avila Beach-Morro Bay,2018,Other species,"Bass, kelp (calico)",Kelp bass,Paralabrax clathratus,0
Northern,Morro Bay,Avila Beach-Morro Bay,2018,Other species,"Whitefish, ocean",Ocean whitefish,Caulolatilus princeps,47
Northern,Morro Bay,Avila Beach-Morro Bay,2018,Other species,"Bass, striped",Striped bass,Morone saxatilis,14
Northern,Morro Bay,Avila Beach-Morro Bay,2018,Other species,"Croaker, white",White croaker (kingfish),Genyonemus lineatus,0
Northern,Morro Bay,Avila Beach-Morro Bay,2018,Other species,"Seabass, white",White seabass,Atractoscion nobilis,12
Northern,Morro Bay,Avila Beach-Morro Bay,2018,Rockfish,"Rockfish, blue",Blue rockfish,Sebastes mystinus,80753
Northern,Morro Bay,Avila Beach-Morro Bay,2018,Rockfish,"Scorpionfish, California",California scorpionfish,Scorpaena guttata,0
Northern,Morro Bay,Avila Beach-Morro Bay,2018,Rockfish,"Rockfish, canary",Canary rockfish,Sebastes pinniger,7315
Northern,Morro Bay,Avila Beach-Morro Bay,2018,Rockfish,"Rockfish, copper",Copper rockfish,Sebastes caurinus,18330
Northern,Morro Bay,Avila Beach-Morro Bay,2018,Rockfish,"Rockfish, gopher",Gopher rockfish,Sebastes carnatus,10150
Northern,Morro Bay,Avila Beach-Morro Bay,2018,Rockfish,"Rockfishes, unspecified",Rockfish,Sebastes spp.,146212
Northern,Morro Bay,Avila Beach-Morro Bay,2018,Roundfish,Cabezon,Cabezon,Scorpaenichthys marmoratus,208
Northern,Morro Bay,Avila Beach-Morro Bay,2018,Roundfish,"Greenling, kelp",Kelp greenling,Hexagrammos decagrammus,3
Northern,Morro Bay,Avila Beach-Morro Bay,2018,Roundfish,Lingcod,Lingcod,Ophiodon elongatus,7227
Southern,Santa Barbara,Port Hueneme-Oxnard-Ventura-Santa Barbara,2018,Other species,"Bass, barred sand",Barred sand bass,Paralabrax nebulifer,1012
Southern,Santa Barbara,Port Hueneme-Oxnard-Ventura-Santa Barbara,2018,Other species,"Sheephead, California",California sheephead,Semicossyphus pulcher,7487
Southern,Santa Barbara,Port Hueneme-Oxnard-Ventura-Santa Barbara,2018,Other species,"Fishes, unspecified",Fish,Osteichthyes spp.,3631
Southern,Santa Barbara,Port Hueneme-Oxnard-Ventura-Santa Barbara,2018,Other species,"Bass, kelp (calico)",Kelp bass,Paralabrax clathratus,16202
Southern,Santa Barbara,Port Hueneme-Oxnard-Ventura-Santa Barbara,2018,Other species,"Whitefish, ocean",Ocean whitefish,Caulolatilus princeps,160757
Southern,Santa Barbara,Port Hueneme-Oxnard-Ventura-Santa Barbara,2018,Other species,"Bass, striped",Striped bass,Morone saxatilis,0
Southern,Santa Barbara,Port Hueneme-Oxnard-Ventura-Santa Barbara,2018,Other species,"Croaker, white",White croaker (kingfish),Genyonemus lineatus,5
Southern,Santa Barbara,Port Hueneme-Oxnard-Ventura-Santa Barbara,2018,Other species,"Seabass, white",White seabass,Atractoscion nobilis,1451
Southern,Santa Barbara,Port Hueneme-Oxnard-Ventura-Santa Barbara,2018,Rockfish,"Rockfish, blue",Blue rockfish,Sebastes mystinus,33092
Southern,Santa Barbara,Port Hueneme-Oxnard-Ventura-Santa Barbara,2018,Rockfish,"Scorpionfish, California",California scorpionfish,Scorpaena guttata,1489
Southern,Santa Barbara,Port Hueneme-Oxnard-Ventura-Santa Barbara,2018,Rockfish,"Rockfish, canary",Canary rockfish,Sebastes pinniger,194
Southern,Santa Barbara,Port Hueneme-Oxnard-Ventura-Santa Barbara,2018,Rockfish,"Rockfish, copper",Copper rockfish,Sebastes caurinus,62349
Southern,Santa Barbara,Port Hueneme-Oxnard-Ventura-Santa Barbara,2018,Rockfish,"Rockfish, gopher",Gopher rockfish,Sebastes carnatus,1091
Southern,Santa Barbara,Port Hueneme-Oxnard-Ventura-Santa Barbara,2018,Rockfish,"Rockfishes, unspecified",Rockfish,Sebastes spp.,266151
Southern,Santa Barbara,Port Hueneme-Oxnard-Ventura-Santa Barbara,2018,Roundfish,Cabezon,Cabezon,Scorpaenichthys marmoratus,263
Southern,Santa Barbara,Port Hueneme-Oxnard-Ventura-Santa Barbara,2018,Roundfish,"Greenling, kelp",Kelp greenling,Hexagrammos decagrammus,2
Southern,Santa Barbara,Port Hueneme-Oxnard-Ventura-Santa Barbara,2018,Roundfish,Lingcod,Lingcod,Ophiodon elongatus,13983
Southern,Los Angeles,Newport Beach,2018,Other species,"Bass, barred sand",Barred sand bass,Paralabrax nebulifer,3247
Southern,Los Angeles,Newport Beach,2018,Other species,"Sheephead, California",California sheephead,Semicossyphus pulcher,1820
Southern,Los Angeles,Newport Beach,2018,Other species,"Fishes, unspecified",Fish,Osteichthyes spp.,12138
Southern,Los Angeles,Newport Beach,2018,Other species,"Bass, kelp (calico)",Kelp bass,Paralabrax clathratus,9505
Southern,Los Angeles,Newport Beach,2018,Other species,"Whitefish, ocean",Ocean whitefish,Caulolatilus princeps,42057
Southern,Los Angeles,Newport Beach,2018,Other species,"Bass, striped",Striped bass,Morone saxatilis,0
Southern,Los Angeles,Newport Beach,2018,Other species,"Croaker, white",White croaker (kingfish),Genyonemus lineatus,0
Southern,Los Angeles,Newport Beach,2018,Other species,"Seabass, white",White seabass,Atractoscion nobilis,58
Southern,Los Angeles,Newport Beach,2018,Rockfish,"Rockfish, blue",Blue rockfish,Sebastes mystinus,9
Southern,Los Angeles,Newport Beach,2018,Rockfish,"Scorpionfish, California",California scorpionfish,Scorpaena guttata,29239
Southern,Los Angeles,Newport Beach,2018,Rockfish,"Rockfish, canary",Canary rockfish,Sebastes pinniger,3
Southern,Los Angeles,Newport Beach,2018,Rockfish,"Rockfish, copper",Copper rockfish,Sebastes caurinus,274
Southern,Los Angeles,Newport Beach,2018,Rockfish,"Rockfish, gopher",Gopher rockfish,Sebastes carnatus,0
Southern,Los Angeles,Newport Beach,2018,Rockfish,"Rockfishes, unspecified",Rockfish,Sebastes spp.,63133
Southern,Los Angeles,Newport Beach,2018,Roundfish,Cabezon,Cabezon,Scorpaenichthys marmoratus,4
Southern,Los Angeles,Newport Beach,2018,Roundfish,"Greenling, kelp",Kelp greenling,Hexagrammos decagrammus,26
Southern,Los Angeles,Newport Beach,2018,Roundfish,Lingcod,Lingcod,Ophiodon elongatus,164
Southern,Los Angeles,Oceanside-Dana Harbor,2018,Other species,"Bass, barred sand",Barred sand bass,Paralabrax nebulifer,4946
Southern,Los Angeles,Oceanside-Dana Harbor,2018,Other species,"Sheephead, California",California sheephead,Semicossyphus pulcher,2634
Southern,Los Angeles,Oceanside-Dana Harbor,2018,Other species,"Fishes, unspecified",Fish,Osteichthyes spp.,3273
Southern,Los Angeles,Oceanside-Dana Harbor,2018,Other species,"Bass, kelp (calico)",Kelp bass,Paralabrax clathratus,20076
Southern,Los Angeles,Oceanside-Dana Harbor,2018,Other species,"Whitefish, ocean",Ocean whitefish,Caulolatilus princeps,11284
Southern,Los Angeles,Oceanside-Dana Harbor,2018,Other species,"Bass, striped",Striped bass,Morone saxatilis,0
Southern,Los Angeles,Oceanside-Dana Harbor,2018,Other species,"Croaker, white",White croaker (kingfish),Genyonemus lineatus,28
Southern,Los Angeles,Oceanside-Dana Harbor,2018,Other species,"Seabass, white",White seabass,Atractoscion nobilis,28
Southern,Los Angeles,Oceanside-Dana Harbor,2018,Rockfish,"Rockfish, blue",Blue rockfish,Sebastes mystinus,43
Southern,Los Angeles,Oceanside-Dana Harbor,2018,Rockfish,"Scorpionfish, California",California scorpionfish,Scorpaena guttata,12251
Southern,Los Angeles,Oceanside-Dana Harbor,2018,Rockfish,"Rockfish, canary",Canary rockfish,Sebastes pinniger,2
Southern,Los Angeles,Oceanside-Dana Harbor,2018,Rockfish,"Rockfish, copper",Copper rockfish,Sebastes caurinus,575
Southern,Los Angeles,Oceanside-Dana Harbor,2018,Rockfish,"Rockfish, gopher",Gopher rockfish,Sebastes carnatus,22
Southern,Los Angeles,Oceanside-Dana Harbor,2018,Rockfish,"Rockfishes, unspecified",Rockfish,Sebastes spp.,38798
Southern,Los Angeles,Oceanside-Dana Harbor,2018,Roundfish,Cabezon,Cabezon,Scorpaenichthys marmoratus,0
Southern,Los Angeles,Oceanside-Dana Harbor,2018,Roundfish,"Greenling, kelp",Kelp greenling,Hexagrammos decagrammus,0
Southern,Los Angeles,Oceanside-Dana Harbor,2018,Roundfish,Lingcod,Lingcod,Ophiodon elongatus,97
Southern,Los Angeles,Redondo-Marina del Rey-Malibu,2018,Other species,"Bass, barred sand",Barred sand bass,Paralabrax nebulifer,4973
Southern,Los Angeles,Redondo-Marina del Rey-Malibu,2018,Other species,"Sheephead, California",California sheephead,Semicossyphus pulcher,919
Southern,Los Angeles,Redondo-Marina del Rey-Malibu,2018,Other species,"Fishes, unspecified",Fish,Osteichthyes spp.,7837
Southern,Los Angeles,Redondo-Marina del Rey-Malibu,2018,Other species,"Bass, kelp (calico)",Kelp bass,Paralabrax clathratus,6578
Southern,Los Angeles,Redondo-Marina del Rey-Malibu,2018,Other species,"Whitefish, ocean",Ocean whitefish,Caulolatilus princeps,36627
Southern,Los Angeles,Redondo-Marina del Rey-Malibu,2018,Other species,"Bass, striped",Striped bass,Morone saxatilis,0
Southern,Los Angeles,Redondo-Marina del Rey-Malibu,2018,Other species,"Croaker, white",White croaker (kingfish),Genyonemus lineatus,0
Southern,Los Angeles,Redondo-Marina del Rey-Malibu,2018,Other species,"Seabass, white",White seabass,Atractoscion nobilis,35
Southern,Los Angeles,Redondo-Marina del Rey-Malibu,2018,Rockfish,"Rockfish, blue",Blue rockfish,Sebastes mystinus,348
Southern,Los Angeles,Redondo-Marina del Rey-Malibu,2018,Rockfish,"Scorpionfish, California",California scorpionfish,Scorpaena guttata,22643
Southern,Los Angeles,Redondo-Marina del Rey-Malibu,2018,Rockfish,"Rockfish, canary",Canary rockfish,Sebastes pinniger,5
Southern,Los Angeles,Redondo-Marina del Rey-Malibu,2018,Rockfish,"Rockfish, copper",Copper rockfish,Sebastes caurinus,308
Southern,Los Angeles,Redondo-Marina del Rey-Malibu,2018,Rockfish,"Rockfish, gopher",Gopher rockfish,Sebastes carnatus,8
Southern,Los Angeles,Redondo-Marina del Rey-Malibu,2018,Rockfish,"Rockfishes, unspecified",Rockfish,Sebastes spp.,143708
Southern,Los Angeles,Redondo-Marina del Rey-Malibu,2018,Roundfish,Cabezon,Cabezon,Scorpaenichthys marmoratus,2
Southern,Los Angeles,Redondo-Marina del Rey-Malibu,2018,Roundfish,"Greenling, kelp",Kelp greenling,Hexagrammos decagrammus,0
Southern,Los Angeles,Redondo-Marina del Rey-Malibu,2018,Roundfish,Lingcod,Lingcod,Ophiodon elongatus,261
Southern,Los Angeles,Seal Beach-Long Beach-San Pedro,2018,Other species,"Bass, barred sand",Barred sand bass,Paralabrax nebulifer,4308
Southern,Los Angeles,Seal Beach-Long Beach-San Pedro,2018,Other species,"Sheephead, California",California sheephead,Semicossyphus pulcher,14662
Southern,Los Angeles,Seal Beach-Long Beach-San Pedro,2018,Other species,"Fishes, unspecified",Fish,Osteichthyes spp.,29768
Southern,Los Angeles,Seal Beach-Long Beach-San Pedro,2018,Other species,"Bass, kelp (calico)",Kelp bass,Paralabrax clathratus,31962
Southern,Los Angeles,Seal Beach-Long Beach-San Pedro,2018,Other species,"Whitefish, ocean",Ocean whitefish,Caulolatilus princeps,129544
Southern,Los Angeles,Seal Beach-Long Beach-San Pedro,2018,Other species,"Bass, striped",Striped bass,Morone saxatilis,0
Southern,Los Angeles,Seal Beach-Long Beach-San Pedro,2018,Other species,"Croaker, white",White croaker (kingfish),Genyonemus lineatus,82
Southern,Los Angeles,Seal Beach-Long Beach-San Pedro,2018,Other species,"Seabass, white",White seabass,Atractoscion nobilis,1020
Southern,Los Angeles,Seal Beach-Long Beach-San Pedro,2018,Rockfish,"Rockfish, blue",Blue rockfish,Sebastes mystinus,895
Southern,Los Angeles,Seal Beach-Long Beach-San Pedro,2018,Rockfish,"Scorpionfish, California",California scorpionfish,Scorpaena guttata,45866
Southern,Los Angeles,Seal Beach-Long Beach-San Pedro,2018,Rockfish,"Rockfish, canary",Canary rockfish,Sebastes pinniger,68
Southern,Los Angeles,Seal Beach-Long Beach-San Pedro,2018,Rockfish,"Rockfish, copper",Copper rockfish,Sebastes caurinus,3252
Southern,Los Angeles,Seal Beach-Long Beach-San Pedro,2018,Rockfish,"Rockfish, gopher",Gopher rockfish,Sebastes carnatus,105
Southern,Los Angeles,Seal Beach-Long Beach-San Pedro,2018,Rockfish,"Rockfishes, unspecified",Rockfish,Sebastes spp.,152481
Southern,Los Angeles,Seal Beach-Long Beach-San Pedro,2018,Roundfish,Cabezon,Cabezon,Scorpaenichthys marmoratus,85
Southern,Los Angeles,Seal Beach-Long Beach-San Pedro,2018,Roundfish,"Greenling, kelp",Kelp greenling,Hexagrammos decagrammus,0
Southern,Los Angeles,Seal Beach-Long Beach-San Pedro,2018,Roundfish,Lingcod,Lingcod,Ophiodon elongatus,1642
Southern,San Diego,San Diego-Mission Bay,2018,Other species,"Bass, barred sand",Barred sand bass,Paralabrax nebulifer,6648
Southern,San Diego,San Diego-Mission Bay,2018,Other species,"Sheephead, California",California sheephead,Semicossyphus pulcher,1741
Southern,San Diego,San Diego-Mission Bay,2018,Other species,"Fishes, unspecified",Fish,Osteichthyes spp.,7579
Southern,San Diego,San Diego-Mission Bay,2018,Other species,"Bass, kelp (calico)",Kelp bass,Paralabrax clathratus,21403
Southern,San Diego,San Diego-Mission Bay,2018,Other species,"Whitefish, ocean",Ocean whitefish,Caulolatilus princeps,10921
Southern,San Diego,San Diego-Mission Bay,2018,Other species,"Bass, striped",Striped bass,Morone saxatilis,0
Southern,San Diego,San Diego-Mission Bay,2018,Other species,"Croaker, white",White croaker (kingfish),Genyonemus lineatus,12
Southern,San Diego,San Diego-Mission Bay,2018,Other species,"Seabass, white",White seabass,Atractoscion nobilis,61
Southern,San Diego,San Diego-Mission Bay,2018,Rockfish,"Rockfish, blue",Blue rockfish,Sebastes mystinus,287
Southern,San Diego,San Diego-Mission Bay,2018,Rockfish,"Scorpionfish, California",California scorpionfish,Scorpaena guttata,2461
Southern,San Diego,San Diego-Mission Bay,2018,Rockfish,"Rockfish, canary",Canary rockfish,Sebastes pinniger,23
Southern,San Diego,San Diego-Mission Bay,2018,Rockfish,"Rockfish, copper",Copper rockfish,Sebastes caurinus,723
Southern,San Diego,San Diego-Mission Bay,2018,Rockfish,"Rockfish, gopher",Gopher rockfish,Sebastes carnatus,309
Southern,San Diego,San Diego-Mission Bay,2018,Rockfish,"Rockfishes, unspecified",Rockfish,Sebastes spp.,57881
Southern,San Diego,San Diego-Mission Bay,2018,Roundfish,Cabezon,Cabezon,Scorpaenichthys marmoratus,7
Southern,San Diego,San Diego-Mission Bay,2018,Roundfish,"Greenling, kelp",Kelp greenling,Hexagrammos decagrammus,13
Southern,San Diego,San Diego-Mission Bay,2018,Roundfish,Lingcod,Lingcod,Ophiodon elongatus,944
Northern,Fort Bragg,Fort Bragg-Eureka-Crescent City,2019,Other species,"Bass, barred sand",Barred sand bass,Paralabrax nebulifer,0
Northern,Fort Bragg,Fort Bragg-Eureka-Crescent City,2019,Other species,"Sheephead, California",California sheephead,Semicossyphus pulcher,0
Northern,Fort Bragg,Fort Bragg-Eureka-Crescent City,2019,Other species,"Fishes, unspecified",Fish,Osteichthyes spp.,422
Northern,Fort Bragg,Fort Bragg-Eureka-Crescent City,2019,Other species,"Bass, kelp (calico)",Kelp bass,Paralabrax clathratus,0
Northern,Fort Bragg,Fort Bragg-Eureka-Crescent City,2019,Other species,"Whitefish, ocean",Ocean whitefish,Caulolatilus princeps,0
Northern,Fort Bragg,Fort Bragg-Eureka-Crescent City,2019,Other species,"Bass, striped",Striped bass,Morone saxatilis,0
Northern,Fort Bragg,Fort Bragg-Eureka-Crescent City,2019,Other species,"Croaker, white",White croaker (kingfish),Genyonemus lineatus,0
Northern,Fort Bragg,Fort Bragg-Eureka-Crescent City,2019,Other species,"Seabass, white",White seabass,Atractoscion nobilis,0
Northern,Fort Bragg,Fort Bragg-Eureka-Crescent City,2019,Rockfish,"Rockfish, blue",Blue rockfish,Sebastes mystinus,22047
Northern,Fort Bragg,Fort Bragg-Eureka-Crescent City,2019,Rockfish,"Scorpionfish, California",California scorpionfish,Scorpaena guttata,0
Northern,Fort Bragg,Fort Bragg-Eureka-Crescent City,2019,Rockfish,"Rockfish, canary",Canary rockfish,Sebastes pinniger,7588
Northern,Fort Bragg,Fort Bragg-Eureka-Crescent City,2019,Rockfish,"Rockfish, copper",Copper rockfish,Sebastes caurinus,3729
Northern,Fort Bragg,Fort Bragg-Eureka-Crescent City,2019,Rockfish,"Rockfish, gopher",Gopher rockfish,Sebastes carnatus,933
Northern,Fort Bragg,Fort Bragg-Eureka-Crescent City,2019,Rockfish,"Rockfishes, unspecified",Rockfish,Sebastes spp.,30387
Northern,Fort Bragg,Fort Bragg-Eureka-Crescent City,2019,Roundfish,Cabezon,Cabezon,Scorpaenichthys marmoratus,645
Northern,Fort Bragg,Fort Bragg-Eureka-Crescent City,2019,Roundfish,"Greenling, kelp",Kelp greenling,Hexagrammos decagrammus,746
Northern,Fort Bragg,Fort Bragg-Eureka-Crescent City,2019,Roundfish,Lingcod,Lingcod,Ophiodon elongatus,5750
Northern,Bodega Bay,Princeton-Bodega Bay,2019,Other species,"Bass, barred sand",Barred sand bass,Paralabrax nebulifer,0
Northern,Bodega Bay,Princeton-Bodega Bay,2019,Other species,"Sheephead, California",California sheephead,Semicossyphus pulcher,0
Northern,Bodega Bay,Princeton-Bodega Bay,2019,Other species,"Fishes, unspecified",Fish,Osteichthyes spp.,333
Northern,Bodega Bay,Princeton-Bodega Bay,2019,Other species,"Bass, kelp (calico)",Kelp bass,Paralabrax clathratus,0
Northern,Bodega Bay,Princeton-Bodega Bay,2019,Other species,"Whitefish, ocean",Ocean whitefish,Caulolatilus princeps,0
Northern,Bodega Bay,Princeton-Bodega Bay,2019,Other species,"Bass, striped",Striped bass,Morone saxatilis,24
Northern,Bodega Bay,Princeton-Bodega Bay,2019,Other species,"Croaker, white",White croaker (kingfish),Genyonemus lineatus,34
Northern,Bodega Bay,Princeton-Bodega Bay,2019,Other species,"Seabass, white",White seabass,Atractoscion nobilis,1
Northern,Bodega Bay,Princeton-Bodega Bay,2019,Rockfish,"Rockfish, blue",Blue rockfish,Sebastes mystinus,34845
Northern,Bodega Bay,Princeton-Bodega Bay,2019,Rockfish,"Scorpionfish, California",California scorpionfish,Scorpaena guttata,0
Northern,Bodega Bay,Princeton-Bodega Bay,2019,Rockfish,"Rockfish, canary",Canary rockfish,Sebastes pinniger,14290
Northern,Bodega Bay,Princeton-Bodega Bay,2019,Rockfish,"Rockfish, copper",Copper rockfish,Sebastes caurinus,6093
Northern,Bodega Bay,Princeton-Bodega Bay,2019,Rockfish,"Rockfish, gopher",Gopher rockfish,Sebastes carnatus,3295
Northern,Bodega Bay,Princeton-Bodega Bay,2019,Rockfish,"Rockfishes, unspecified",Rockfish,Sebastes spp.,71666
Northern,Bodega Bay,Princeton-Bodega Bay,2019,Roundfish,Cabezon,Cabezon,Scorpaenichthys marmoratus,451
Northern,Bodega Bay,Princeton-Bodega Bay,2019,Roundfish,"Greenling, kelp",Kelp greenling,Hexagrammos decagrammus,282
Northern,Bodega Bay,Princeton-Bodega Bay,2019,Roundfish,Lingcod,Lingcod,Ophiodon elongatus,4447
Northern,San Francisco,San Francisco-SF Bay-Delta,2019,Other species,"Bass, barred sand",Barred sand bass,Paralabrax nebulifer,0
Northern,San Francisco,San Francisco-SF Bay-Delta,2019,Other species,"Sheephead, California",California sheephead,Semicossyphus pulcher,0
Northern,San Francisco,San Francisco-SF Bay-Delta,2019,Other species,"Fishes, unspecified",Fish,Osteichthyes spp.,123
Northern,San Francisco,San Francisco-SF Bay-Delta,2019,Other species,"Bass, kelp (calico)",Kelp bass,Paralabrax clathratus,0
Northern,San Francisco,San Francisco-SF Bay-Delta,2019,Other species,"Whitefish, ocean",Ocean whitefish,Caulolatilus princeps,0
Northern,San Francisco,San Francisco-SF Bay-Delta,2019,Other species,"Bass, striped",Striped bass,Morone saxatilis,19655
Northern,San Francisco,San Francisco-SF Bay-Delta,2019,Other species,"Croaker, white",White croaker (kingfish),Genyonemus lineatus,25
Northern,San Francisco,San Francisco-SF Bay-Delta,2019,Other species,"Seabass, white",White seabass,Atractoscion nobilis,301
Northern,San Francisco,San Francisco-SF Bay-Delta,2019,Rockfish,"Rockfish, blue",Blue rockfish,Sebastes mystinus,32532
Northern,San Francisco,San Francisco-SF Bay-Delta,2019,Rockfish,"Scorpionfish, California",California scorpionfish,Scorpaena guttata,0
Northern,San Francisco,San Francisco-SF Bay-Delta,2019,Rockfish,"Rockfish, canary",Canary rockfish,Sebastes pinniger,11197
Northern,San Francisco,San Francisco-SF Bay-Delta,2019,Rockfish,"Rockfish, copper",Copper rockfish,Sebastes caurinus,4163
Northern,San Francisco,San Francisco-SF Bay-Delta,2019,Rockfish,"Rockfish, gopher",Gopher rockfish,Sebastes carnatus,1012
Northern,San Francisco,San Francisco-SF Bay-Delta,2019,Rockfish,"Rockfishes, unspecified",Rockfish,Sebastes spp.,107431
Northern,San Francisco,San Francisco-SF Bay-Delta,2019,Roundfish,Cabezon,Cabezon,Scorpaenichthys marmoratus,153
Northern,San Francisco,San Francisco-SF Bay-Delta,2019,Roundfish,"Greenling, kelp",Kelp greenling,Hexagrammos decagrammus,309
Northern,San Francisco,San Francisco-SF Bay-Delta,2019,Roundfish,Lingcod,Lingcod,Ophiodon elongatus,8069
Northern,Monterey,Monterey-Moss Landing-Santa Cruz,2019,Other species,"Bass, barred sand",Barred sand bass,Paralabrax nebulifer,0
Northern,Monterey,Monterey-Moss Landing-Santa Cruz,2019,Other species,"Sheephead, California",California sheephead,Semicossyphus pulcher,2
Northern,Monterey,Monterey-Moss Landing-Santa Cruz,2019,Other species,"Fishes, unspecified",Fish,Osteichthyes spp.,170
Northern,Monterey,Monterey-Moss Landing-Santa Cruz,2019,Other species,"Bass, kelp (calico)",Kelp bass,Paralabrax clathratus,0
Northern,Monterey,Monterey-Moss Landing-Santa Cruz,2019,Other species,"Whitefish, ocean",Ocean whitefish,Caulolatilus princeps,12
Northern,Monterey,Monterey-Moss Landing-Santa Cruz,2019,Other species,"Bass, striped",Striped bass,Morone saxatilis,0
Northern,Monterey,Monterey-Moss Landing-Santa Cruz,2019,Other species,"Croaker, white",White croaker (kingfish),Genyonemus lineatus,21
Northern,Monterey,Monterey-Moss Landing-Santa Cruz,2019,Other species,"Seabass, white",White seabass,Atractoscion nobilis,3
Northern,Monterey,Monterey-Moss Landing-Santa Cruz,2019,Rockfish,"Rockfish, blue",Blue rockfish,Sebastes mystinus,45026
Northern,Monterey,Monterey-Moss Landing-Santa Cruz,2019,Rockfish,"Scorpionfish, California",California scorpionfish,Scorpaena guttata,0
Northern,Monterey,Monterey-Moss Landing-Santa Cruz,2019,Rockfish,"Rockfish, canary",Canary rockfish,Sebastes pinniger,6046
Northern,Monterey,Monterey-Moss Landing-Santa Cruz,2019,Rockfish,"Rockfish, copper",Copper rockfish,Sebastes caurinus,4388
Northern,Monterey,Monterey-Moss Landing-Santa Cruz,2019,Rockfish,"Rockfish, gopher",Gopher rockfish,Sebastes carnatus,7080
Northern,Monterey,Monterey-Moss Landing-Santa Cruz,2019,Rockfish,"Rockfishes, unspecified",Rockfish,Sebastes spp.,78162
Northern,Monterey,Monterey-Moss Landing-Santa Cruz,2019,Roundfish,Cabezon,Cabezon,Scorpaenichthys marmoratus,30
Northern,Monterey,Monterey-Moss Landing-Santa Cruz,2019,Roundfish,"Greenling, kelp",Kelp greenling,Hexagrammos decagrammus,28
Northern,Monterey,Monterey-Moss Landing-Santa Cruz,2019,Roundfish,Lingcod,Lingcod,Ophiodon elongatus,3277
Northern,Morro Bay,Avila Beach-Morro Bay,2019,Other species,"Bass, barred sand",Barred sand bass,Paralabrax nebulifer,0
Northern,Morro Bay,Avila Beach-Morro Bay,2019,Other species,"Sheephead, California",California sheephead,Semicossyphus pulcher,12
Northern,Morro Bay,Avila Beach-Morro Bay,2019,Other species,"Fishes, unspecified",Fish,Osteichthyes spp.,2
Northern,Morro Bay,Avila Beach-Morro Bay,2019,Other species,"Bass, kelp (calico)",Kelp bass,Paralabrax clathratus,0
Northern,Morro Bay,Avila Beach-Morro Bay,2019,Other species,"Whitefish, ocean",Ocean whitefish,Caulolatilus princeps,380
Northern,Morro Bay,Avila Beach-Morro Bay,2019,Other species,"Bass, striped",Striped bass,Morone saxatilis,0
Northern,Morro Bay,Avila Beach-Morro Bay,2019,Other species,"Croaker, white",White croaker (kingfish),Genyonemus lineatus,0
Northern,Morro Bay,Avila Beach-Morro Bay,2019,Other species,"Seabass, white",White seabass,Atractoscion nobilis,0
Northern,Morro Bay,Avila Beach-Morro Bay,2019,Rockfish,"Rockfish, blue",Blue rockfish,Sebastes mystinus,48300
Northern,Morro Bay,Avila Beach-Morro Bay,2019,Rockfish,"Scorpionfish, California",California scorpionfish,Scorpaena guttata,0
Northern,Morro Bay,Avila Beach-Morro Bay,2019,Rockfish,"Rockfish, canary",Canary rockfish,Sebastes pinniger,4672
Northern,Morro Bay,Avila Beach-Morro Bay,2019,Rockfish,"Rockfish, copper",Copper rockfish,Sebastes caurinus,15215
Northern,Morro Bay,Avila Beach-Morro Bay,2019,Rockfish,"Rockfish, gopher",Gopher rockfish,Sebastes carnatus,23070
Northern,Morro Bay,Avila Beach-Morro Bay,2019,Rockfish,"Rockfishes, unspecified",Rockfish,Sebastes spp.,144352
Northern,Morro Bay,Avila Beach-Morro Bay,2019,Roundfish,Cabezon,Cabezon,Scorpaenichthys marmoratus,129
Northern,Morro Bay,Avila Beach-Morro Bay,2019,Roundfish,"Greenling, kelp",Kelp greenling,Hexagrammos decagrammus,5
Northern,Morro Bay,Avila Beach-Morro Bay,2019,Roundfish,Lingcod,Lingcod,Ophiodon elongatus,4673
Southern,Santa Barbara,Port Hueneme-Oxnard-Ventura-Santa Barbara,2019,Other species,"Bass, barred sand",Barred sand bass,Paralabrax nebulifer,317
Southern,Santa Barbara,Port Hueneme-Oxnard-Ventura-Santa Barbara,2019,Other species,"Sheephead, California",California sheephead,Semicossyphus pulcher,7798
Southern,Santa Barbara,Port Hueneme-Oxnard-Ventura-Santa Barbara,2019,Other species,"Fishes, unspecified",Fish,Osteichthyes spp.,2356
Southern,Santa Barbara,Port Hueneme-Oxnard-Ventura-Santa Barbara,2019,Other species,"Bass, kelp (calico)",Kelp bass,Paralabrax clathratus,13659
Southern,Santa Barbara,Port Hueneme-Oxnard-Ventura-Santa Barbara,2019,Other species,"Whitefish, ocean",Ocean whitefish,Caulolatilus princeps,152856
Southern,Santa Barbara,Port Hueneme-Oxnard-Ventura-Santa Barbara,2019,Other species,"Bass, striped",Striped bass,Morone saxatilis,0
Southern,Santa Barbara,Port Hueneme-Oxnard-Ventura-Santa Barbara,2019,Other species,"Croaker, white",White croaker (kingfish),Genyonemus lineatus,0
Southern,Santa Barbara,Port Hueneme-Oxnard-Ventura-Santa Barbara,2019,Other species,"Seabass, white",White seabass,Atractoscion nobilis,3853
Southern,Santa Barbara,Port Hueneme-Oxnard-Ventura-Santa Barbara,2019,Rockfish,"Rockfish, blue",Blue rockfish,Sebastes mystinus,28024
Southern,Santa Barbara,Port Hueneme-Oxnard-Ventura-Santa Barbara,2019,Rockfish,"Scorpionfish, California",California scorpionfish,Scorpaena guttata,2020
Southern,Santa Barbara,Port Hueneme-Oxnard-Ventura-Santa Barbara,2019,Rockfish,"Rockfish, canary",Canary rockfish,Sebastes pinniger,372
Southern,Santa Barbara,Port Hueneme-Oxnard-Ventura-Santa Barbara,2019,Rockfish,"Rockfish, copper",Copper rockfish,Sebastes caurinus,37621
Southern,Santa Barbara,Port Hueneme-Oxnard-Ventura-Santa Barbara,2019,Rockfish,"Rockfish, gopher",Gopher rockfish,Sebastes carnatus,654
Southern,Santa Barbara,Port Hueneme-Oxnard-Ventura-Santa Barbara,2019,Rockfish,"Rockfishes, unspecified",Rockfish,Sebastes spp.,276409
Southern,Santa Barbara,Port Hueneme-Oxnard-Ventura-Santa Barbara,2019,Roundfish,Cabezon,Cabezon,Scorpaenichthys marmoratus,213
Southern,Santa Barbara,Port Hueneme-Oxnard-Ventura-Santa Barbara,2019,Roundfish,"Greenling, kelp",Kelp greenling,Hexagrammos decagrammus,11
Southern,Santa Barbara,Port Hueneme-Oxnard-Ventura-Santa Barbara,2019,Roundfish,Lingcod,Lingcod,Ophiodon elongatus,10025
Southern,Los Angeles,Newport Beach,2019,Other species,"Bass, barred sand",Barred sand bass,Paralabrax nebulifer,1747
Southern,Los Angeles,Newport Beach,2019,Other species,"Sheephead, California",California sheephead,Semicossyphus pulcher,1612
Southern,Los Angeles,Newport Beach,2019,Other species,"Fishes, unspecified",Fish,Osteichthyes spp.,4185
Southern,Los Angeles,Newport Beach,2019,Other species,"Bass, kelp (calico)",Kelp bass,Paralabrax clathratus,6175
Southern,Los Angeles,Newport Beach,2019,Other species,"Whitefish, ocean",Ocean whitefish,Caulolatilus princeps,38873
Southern,Los Angeles,Newport Beach,2019,Other species,"Bass, striped",Striped bass,Morone saxatilis,0
Southern,Los Angeles,Newport Beach,2019,Other species,"Croaker, white",White croaker (kingfish),Genyonemus lineatus,88
Southern,Los Angeles,Newport Beach,2019,Other species,"Seabass, white",White seabass,Atractoscion nobilis,34
Southern,Los Angeles,Newport Beach,2019,Rockfish,"Rockfish, blue",Blue rockfish,Sebastes mystinus,12
Southern,Los Angeles,Newport Beach,2019,Rockfish,"Scorpionfish, California",California scorpionfish,Scorpaena guttata,36065
Southern,Los Angeles,Newport Beach,2019,Rockfish,"Rockfish, canary",Canary rockfish,Sebastes pinniger,9
Southern,Los Angeles,Newport Beach,2019,Rockfish,"Rockfish, copper",Copper rockfish,Sebastes caurinus,329
Southern,Los Angeles,Newport Beach,2019,Rockfish,"Rockfish, gopher",Gopher rockfish,Sebastes carnatus,1
Southern,Los Angeles,Newport Beach,2019,Rockfish,"Rockfishes, unspecified",Rockfish,Sebastes spp.,51763
Southern,Los Angeles,Newport Beach,2019,Roundfish,Cabezon,Cabezon,Scorpaenichthys marmoratus,2
Southern,Los Angeles,Newport Beach,2019,Roundfish,"Greenling, kelp",Kelp greenling,Hexagrammos decagrammus,0
Southern,Los Angeles,Newport Beach,2019,Roundfish,Lingcod,Lingcod,Ophiodon elongatus,97
Southern,Los Angeles,Oceanside-Dana Harbor,2019,Other species,"Bass, barred sand",Barred sand bass,Paralabrax nebulifer,2161
Southern,Los Angeles,Oceanside-Dana Harbor,2019,Other species,"Sheephead, California",California sheephead,Semicossyphus pulcher,2639
Southern,Los Angeles,Oceanside-Dana Harbor,2019,Other species,"Fishes, unspecified",Fish,Osteichthyes spp.,1727
Southern,Los Angeles,Oceanside-Dana Harbor,2019,Other species,"Bass, kelp (calico)",Kelp bass,Paralabrax clathratus,11730
Southern,Los Angeles,Oceanside-Dana Harbor,2019,Other species,"Whitefish, ocean",Ocean whitefish,Caulolatilus princeps,12114
Southern,Los Angeles,Oceanside-Dana Harbor,2019,Other species,"Bass, striped",Striped bass,Morone saxatilis,0
Southern,Los Angeles,Oceanside-Dana Harbor,2019,Other species,"Croaker, white",White croaker (kingfish),Genyonemus lineatus,14
Southern,Los Angeles,Oceanside-Dana Harbor,2019,Other species,"Seabass, white",White seabass,Atractoscion nobilis,20
Southern,Los Angeles,Oceanside-Dana Harbor,2019,Rockfish,"Rockfish, blue",Blue rockfish,Sebastes mystinus,11
Southern,Los Angeles,Oceanside-Dana Harbor,2019,Rockfish,"Scorpionfish, California",California scorpionfish,Scorpaena guttata,18628
Southern,Los Angeles,Oceanside-Dana Harbor,2019,Rockfish,"Rockfish, canary",Canary rockfish,Sebastes pinniger,0
Southern,Los Angeles,Oceanside-Dana Harbor,2019,Rockfish,"Rockfish, copper",Copper rockfish,Sebastes caurinus,322
Southern,Los Angeles,Oceanside-Dana Harbor,2019,Rockfish,"Rockfish, gopher",Gopher rockfish,Sebastes carnatus,6
Southern,Los Angeles,Oceanside-Dana Harbor,2019,Rockfish,"Rockfishes, unspecified",Rockfish,Sebastes spp.,68438
Southern,Los Angeles,Oceanside-Dana Harbor,2019,Roundfish,Cabezon,Cabezon,Scorpaenichthys marmoratus,4
Southern,Los Angeles,Oceanside-Dana Harbor,2019,Roundfish,"Greenling, kelp",Kelp greenling,Hexagrammos decagrammus,30
Southern,Los Angeles,Oceanside-Dana Harbor,2019,Roundfish,Lingcod,Lingcod,Ophiodon elongatus,66
Southern,Los Angeles,Redondo-Marina del Rey-Malibu,2019,Other species,"Bass, barred sand",Barred sand bass,Paralabrax nebulifer,4735
Southern,Los Angeles,Redondo-Marina del Rey-Malibu,2019,Other species,"Sheephead, California",California sheephead,Semicossyphus pulcher,988
Southern,Los Angeles,Redondo-Marina del Rey-Malibu,2019,Other species,"Fishes, unspecified",Fish,Osteichthyes spp.,2632
Southern,Los Angeles,Redondo-Marina del Rey-Malibu,2019,Other species,"Bass, kelp (calico)",Kelp bass,Paralabrax clathratus,3768
Southern,Los Angeles,Redondo-Marina del Rey-Malibu,2019,Other species,"Whitefish, ocean",Ocean whitefish,Caulolatilus princeps,28729
Southern,Los Angeles,Redondo-Marina del Rey-Malibu,2019,Other species,"Bass, striped",Striped bass,Morone saxatilis,0
Southern,Los Angeles,Redondo-Marina del Rey-Malibu,2019,Other species,"Croaker, white",White croaker (kingfish),Genyonemus lineatus,1
Southern,Los Angeles,Redondo-Marina del Rey-Malibu,2019,Other species,"Seabass, white",White seabass,Atractoscion nobilis,17
Southern,Los Angeles,Redondo-Marina del Rey-Malibu,2019,Rockfish,"Rockfish, blue",Blue rockfish,Sebastes mystinus,31
Southern,Los Angeles,Redondo-Marina del Rey-Malibu,2019,Rockfish,"Scorpionfish, California",California scorpionfish,Scorpaena guttata,25752
Southern,Los Angeles,Redondo-Marina del Rey-Malibu,2019,Rockfish,"Rockfish, canary",Canary rockfish,Sebastes pinniger,4
Southern,Los Angeles,Redondo-Marina del Rey-Malibu,2019,Rockfish,"Rockfish, copper",Copper rockfish,Sebastes caurinus,234
Southern,Los Angeles,Redondo-Marina del Rey-Malibu,2019,Rockfish,"Rockfish, gopher",Gopher rockfish,Sebastes carnatus,8
Southern,Los Angeles,Redondo-Marina del Rey-Malibu,2019,Rockfish,"Rockfishes, unspecified",Rockfish,Sebastes spp.,204925
Southern,Los Angeles,Redondo-Marina del Rey-Malibu,2019,Roundfish,Cabezon,Cabezon,Scorpaenichthys marmoratus,4
Southern,Los Angeles,Redondo-Marina del Rey-Malibu,2019,Roundfish,"Greenling, kelp",Kelp greenling,Hexagrammos decagrammus,0
Southern,Los Angeles,Redondo-Marina del Rey-Malibu,2019,Roundfish,Lingcod,Lingcod,Ophiodon elongatus,319
Southern,Los Angeles,Seal Beach-Long Beach-San Pedro,2019,Other species,"Bass, barred sand",Barred sand bass,Paralabrax nebulifer,3951
Southern,Los Angeles,Seal Beach-Long Beach-San Pedro,2019,Other species,"Sheephead, California",California sheephead,Semicossyphus pulcher,8350
Southern,Los Angeles,Seal Beach-Long Beach-San Pedro,2019,Other species,"Fishes, unspecified",Fish,Osteichthyes spp.,14947
Southern,Los Angeles,Seal Beach-Long Beach-San Pedro,2019,Other species,"Bass, kelp (calico)",Kelp bass,Paralabrax clathratus,23752
Southern,Los Angeles,Seal Beach-Long Beach-San Pedro,2019,Other species,"Whitefish, ocean",Ocean whitefish,Caulolatilus princeps,95829
Southern,Los Angeles,Seal Beach-Long Beach-San Pedro,2019,Other species,"Bass, striped",Striped bass,Morone saxatilis,0
Southern,Los Angeles,Seal Beach-Long Beach-San Pedro,2019,Other species,"Croaker, white",White croaker (kingfish),Genyonemus lineatus,20
Southern,Los Angeles,Seal Beach-Long Beach-San Pedro,2019,Other species,"Seabass, white",White seabass,Atractoscion nobilis,324
Southern,Los Angeles,Seal Beach-Long Beach-San Pedro,2019,Rockfish,"Rockfish, blue",Blue rockfish,Sebastes mystinus,444
Southern,Los Angeles,Seal Beach-Long Beach-San Pedro,2019,Rockfish,"Scorpionfish, California",California scorpionfish,Scorpaena guttata,51272
Southern,Los Angeles,Seal Beach-Long Beach-San Pedro,2019,Rockfish,"Rockfish, canary",Canary rockfish,Sebastes pinniger,33
Southern,Los Angeles,Seal Beach-Long Beach-San Pedro,2019,Rockfish,"Rockfish, copper",Copper rockfish,Sebastes caurinus,6210
Southern,Los Angeles,Seal Beach-Long Beach-San Pedro,2019,Rockfish,"Rockfish, gopher",Gopher rockfish,Sebastes carnatus,77
Southern,Los Angeles,Seal Beach-Long Beach-San Pedro,2019,Rockfish,"Rockfishes, unspecified",Rockfish,Sebastes spp.,150448
Southern,Los Angeles,Seal Beach-Long Beach-San Pedro,2019,Roundfish,Cabezon,Cabezon,Scorpaenichthys marmoratus,18
Southern,Los Angeles,Seal Beach-Long Beach-San Pedro,2019,Roundfish,"Greenling, kelp",Kelp greenling,Hexagrammos decagrammus,17
Southern,Los Angeles,Seal Beach-Long Beach-San Pedro,2019,Roundfish,Lingcod,Lingcod,Ophiodon elongatus,3268
Southern,San Diego,San Diego-Mission Bay,2019,Other species,"Bass, barred sand",Barred sand bass,Paralabrax nebulifer,5179
Southern,San Diego,San Diego-Mission Bay,2019,Other species,"Sheephead, California",California sheephead,Semicossyphus pulcher,1579
Southern,San Diego,San Diego-Mission Bay,2019,Other species,"Fishes, unspecified",Fish,Osteichthyes spp.,9337
Southern,San Diego,San Diego-Mission Bay,2019,Other species,"Bass, kelp (calico)",Kelp bass,Paralabrax clathratus,6205
Southern,San Diego,San Diego-Mission Bay,2019,Other species,"Whitefish, ocean",Ocean whitefish,Caulolatilus princeps,8435
Southern,San Diego,San Diego-Mission Bay,2019,Other species,"Bass, striped",Striped bass,Morone saxatilis,0
Southern,San Diego,San Diego-Mission Bay,2019,Other species,"Croaker, white",White croaker (kingfish),Genyonemus lineatus,1
Southern,San Diego,San Diego-Mission Bay,2019,Other species,"Seabass, white",White seabass,Atractoscion nobilis,179
Southern,San Diego,San Diego-Mission Bay,2019,Rockfish,"Rockfish, blue",Blue rockfish,Sebastes mystinus,134
Southern,San Diego,San Diego-Mission Bay,2019,Rockfish,"Scorpionfish, California",California scorpionfish,Scorpaena guttata,5523
Southern,San Diego,San Diego-Mission Bay,2019,Rockfish,"Rockfish, canary",Canary rockfish,Sebastes pinniger,73
Southern,San Diego,San Diego-Mission Bay,2019,Rockfish,"Rockfish, copper",Copper rockfish,Sebastes caurinus,605
Southern,San Diego,San Diego-Mission Bay,2019,Rockfish,"Rockfish, gopher",Gopher rockfish,Sebastes carnatus,251
Southern,San Diego,San Diego-Mission Bay,2019,Rockfish,"Rockfishes, unspecified",Rockfish,Sebastes spp.,106116
Southern,San Diego,San Diego-Mission Bay,2019,Roundfish,Cabezon,Cabezon,Scorpaenichthys marmoratus,3
Southern,San Diego,San Diego-Mission Bay,2019,Roundfish,"Greenling, kelp",Kelp greenling,Hexagrammos decagrammus,9
Southern,San Diego,San Diego-Mission Bay,2019,Roundfish,Lingcod,Lingcod,Ophiodon elongatus,1263